[
  {
    "id": "1aa205db-d2bc-418d-a6bb-f1bce7eae904",
    "data": [
      {
        "text": "我用 ",
        "userDefined": false
      },
      {
        "text": "java",
        "alias": "language-programming",
        "meta": "@language-programming",
        "userDefined": true
      },
      {
        "text": " 寫程式",
        "userDefined": false
      }
    ],
    "isTemplate": false,
    "count": 0,
    "updated": 0
  },
  {
    "id": "6030f546-41c7-4e5e-bff6-611ca751fd0c",
    "data": [
      {
        "text": "我寫 ",
        "userDefined": false
      },
      {
        "text": "javascript",
        "alias": "language-programming",
        "meta": "@language-programming",
        "userDefined": true
      }
    ],
    "isTemplate": false,
    "count": 0,
    "updated": 0
  },
  {
    "id": "c02e0e46-d01e-417b-a7a4-e23b44933524",
    "data": [
      {
        "text": "我知道如何寫",
        "userDefined": false
      },
      {
        "text": "德文",
        "alias": "language",
        "meta": "@sys.language",
        "userDefined": false
      }
    ],
    "isTemplate": false,
    "count": 0,
    "updated": 0
  },
  {
    "id": "99e6dedc-1aaf-4a3e-9bd8-64a2c3562fce",
    "data": [
      {
        "text": "我說",
        "userDefined": false
      },
      {
        "text": "法語",
        "alias": "language",
        "meta": "@sys.language",
        "userDefined": true
      }
    ],
    "isTemplate": false,
    "count": 0,
    "updated": 0
  },
  {
    "id": "9b4d968a-196a-45ac-b78d-5586e934a30f",
    "data": [
      {
        "text": "我知道",
        "userDefined": false
      },
      {
        "text": "英文",
        "alias": "language",
        "meta": "@sys.language",
        "userDefined": false
      }
    ],
    "isTemplate": false,
    "count": 0,
    "updated": 0
  }
]