[
  {
    "id": "664631d4-4784-4deb-a33e-46dd3e05060e",
    "data": [
      {
        "text": "有 ",
        "userDefined": false
      },
      {
        "text": "5 年",
        "alias": "duration",
        "meta": "@sys.duration",
        "userDefined": false
      },
      {
        "text": "了",
        "userDefined": false
      }
    ],
    "isTemplate": false,
    "count": 0,
    "updated": 0
  },
  {
    "id": "91973a25-1122-4906-a708-1ade8d66dab5",
    "data": [
      {
        "text": "大約 ",
        "userDefined": false
      },
      {
        "text": "4 天",
        "alias": "duration",
        "meta": "@sys.duration",
        "userDefined": true
      }
    ],
    "isTemplate": false,
    "count": 0,
    "updated": 0
  },
  {
    "id": "401ab1bd-eab8-47bd-8385-0cb2aeff0a77",
    "data": [
      {
        "text": "3 年",
        "alias": "duration",
        "meta": "@sys.duration",
        "userDefined": false
      }
    ],
    "isTemplate": false,
    "count": 0,
    "updated": 0
  },
  {
    "id": "06ed665a-d9ab-4df2-8b3b-ec1bf07041a9",
    "data": [
      {
        "text": "3",
        "alias": "duration",
        "meta": "@sys.duration",
        "userDefined": false
      },
      {
        "text": " years",
        "userDefined": false
      }
    ],
    "isTemplate": false,
    "count": 0,
    "updated": 0
  }
]